eprint_id	label
100733	0
101175	0
101220	0
101334	0
102281	0
110576	0
110582	0
110585	0
112388	0
112469	0
114345	0
114942	0
115121	0
115129	0
115533	0
115560	0
115561	0
115570	0
115581	0
115637	0
115968	0
116065	0
116149	0
116153	0
116850	0
117872	0
117873	0
118388	0
118471	0
119144	0
119213	0
120008	0
120354	0
120397	0
120965	0
121848	0
121874	0
121880	0
121886	0
122303	0
122457	0
122591	0
122975	0
123233	0
123234	0
123264	0
123329	0
123556	0
123561	0
123617	0
123727	0
123776	0
123813	0
123820	0
123839	0
123840	0
123843	0
123963	0
123967	0
123996	0
124005	0
124055	0
124056	0
124094	0
124166	0
124194	0
124496	0
124501	0
124586	0
124629	0
124688	0
124775	0
124854	0
124867	0
124980	0
125057	0
125480	0
125484	0
125621	0
125715	0
125842	0
125858	0
125914	0
125916	0
126240	0
126362	0
126364	0
126503	0
126804	0
127065	0
127068	0
127070	0
127129	0
127193	0
127233	0
127237	0
127240	0
127241	0
127242	0
127511	0
127536	0
127552	0
127560	0
127567	0
127570	0
127571	0
127576	0
127690	0
127703	0
127705	0
127874	0
127876	0
128001	0
128055	0
128094	0
128096	0
128098	0
128181	0
128186	0
128193	0
128194	0
128200	0
128203	0
128206	0
128215	0
128218	0
128219	0
128325	0
128346	0
128351	0
128582	0
128613	0
128866	0
128869	0
128870	0
128872	0
129129	0
129189	0
129190	0
129514	0
130327	0
130379	0
130629	0
130699	0
130700	0
130707	0
130912	0
130933	0
131137	0
131350	0
131411	0
131428	0
132041	0
132109	0
132774	0
133999	0
134388	0
134390	0
134496	0
134503	0
134512	0
135087	0
135092	0
135099	0
135175	0
135185	0
135285	0
135331	0
135394	0
135818	0
135822	0
135916	0
135922	0
135979	0
136020	0
136071	0
136072	0
136348	0
136349	0
136350	0
136351	0
139505	0
139688	0
141375	0
143561	0
143564	0
143864	0
110578	0
113233	0
114344	0
114931	0
115103	0
115108	0
115821	0
116855	0
117874	0
120310	0
122786	0
123563	0
123619	0
124157	0
124170	0
124593	0
125062	0
125092	0
125718	0
126368	0
126943	0
127130	0
128105	0
128119	0
128214	0
129150	0
130358	0
130362	0
130380	0
130625	0
130632	0
130705	0
130917	0
130951	0
131359	0
131992	0
132006	0
132021	0
133091	0
133101	0
133192	0
133993	0
134491	0
134794	0
134900	0
135332	0
135444	0
135765	0
136471	0
140344	0
143565	0
111309	1
112531	1
115074	1
124168	1
126691	1
126694	1
126696	1
127551	1
128107	1
128202	1
129602	1
129604	1
130340	1
130443	1
130653	1
132024	1
132895	1
133096	1
135103	1
137943	1
143872	1
115010	1
115119	1
116266	1
121675	1
123254	1
124062	1
124304	1
125626	1
126141	1
126429	1
126442	1
128208	1
128210	1
129335	1
129661	1
131359	1
132629	1
132666	1
133585	1
134211	1
134226	1
134233	1
134236	1
134298	1
134302	1
134303	1
134307	1
135107	1
96130	1
